City_ID,City,Lat,Lng,Max Temp,Humidity,Cloudiness,Wind Speed,Country,Date
0,edinburgh of the seven seas,-37.0676,-12.3116,49.91,59,78,21.39,SH,1696304844
1,bredasdorp,-34.5322,20.0403,54.64,95,4,4.21,ZA,1696304844
2,bilibino,68.0546,166.4372,22.96,95,90,2.01,RU,1696304844
3,constantia,44.1833,28.65,52.7,57,1,8.43,RO,1696304845
4,bethel,41.3712,-73.414,61.65,88,0,3.44,US,1696304762
5,tura,25.5198,90.2201,82.15,78,26,4.97,IN,1696304845
6,adamstown,-25.066,-130.1015,68.16,76,54,22.82,PN,1696304618
7,margaret river,-33.95,115.0667,58.98,60,89,10.07,AU,1696304845
8,qamdo,31.1667,97.2333,56.86,39,9,4.83,CN,1696304845
9,port mathurin,-19.6833,63.4167,74.5,80,19,14.45,MU,1696304845
10,ushuaia,-54.8,-68.3,42.46,75,40,4.61,AR,1696304759
11,vorgashor,67.5833,63.95,34.07,80,57,17.83,RU,1696304846
12,kununurra,-15.7667,128.7333,100.38,30,1,8.05,AU,1696304624
13,upper grand lagoon,30.1633,-85.7408,75.22,68,0,5.75,US,1696304846
14,aswan,24.0934,32.907,79.9,38,0,11.5,EG,1696304846
15,tiksi,71.6872,128.8694,28.2,83,87,16.84,RU,1696304846
16,invercargill,-46.4,168.35,61.02,51,13,5.01,NZ,1696304846
17,katima mulilo,-17.5,24.2667,68.4,58,7,8.34,NA,1696304847
18,puerto natales,-51.7236,-72.4875,37.42,95,100,4.63,CL,1696304847
19,garissa,-0.4536,39.6401,75.43,78,49,14.32,KE,1696304847
20,kodiak,57.79,-152.4072,44.11,49,0,8.05,US,1696304847
21,saint-joseph,-21.3667,55.6167,76.48,75,5,1.92,RE,1696304847
22,ilulissat,69.2167,-51.1,26.62,36,0,21.85,GL,1696304847
23,synel'nykove,48.3204,35.5179,48.97,67,6,9.13,UA,1696304848
24,axim,4.8699,-2.2405,77.43,87,98,8.99,GH,1696304848
25,qaqortoq,60.7167,-46.0333,37.29,90,100,3.49,GL,1696304848
26,macapa,0.0389,-51.0664,82.38,78,0,8.05,BR,1696304848
27,yellowknife,62.456,-114.3525,48.42,99,100,2.3,CA,1696304663
28,slagelse,55.4028,11.3546,61.45,100,100,8.75,DK,1696304848
29,zavodoukovsk,56.5042,66.5515,50.86,61,100,10.94,RU,1696304849
30,taos,36.4072,-105.5731,54.0,79,100,8.05,US,1696304849
31,praia da vitoria,38.7333,-27.0667,66.76,88,20,12.03,PT,1696304849
32,happy valley-goose bay,53.3168,-60.3315,43.11,65,100,5.75,CA,1696304849
33,hawaiian paradise park,19.5933,-154.9731,78.31,88,100,1.99,US,1696304849
34,monchegorsk,67.9397,32.8739,37.76,98,100,6.6,RU,1696304743
35,uturoa,-16.7333,-151.4333,78.28,84,2,14.99,PF,1696304850
36,alice springs,-23.7,133.8833,96.35,13,40,14.97,AU,1696304850
37,port-aux-francais,-49.35,70.2167,36.39,80,71,32.5,TF,1696304850
38,indramayu,-6.3264,108.32,86.04,54,100,10.63,ID,1696304850
39,mount pearl,47.5166,-52.7813,47.07,97,0,3.44,CA,1696304850
40,salinas,36.6777,-121.6555,61.05,85,40,6.91,US,1696304651
41,papatowai,-46.5619,169.4708,56.64,44,4,10.78,NZ,1696304851
42,stanley,54.868,-1.6985,48.22,92,20,11.5,GB,1696304851
43,avarua,-21.2078,-159.775,71.65,64,75,13.8,CK,1696304851
44,erenhot,43.6475,111.9767,58.42,32,28,10.87,CN,1696304851
45,ust-nera,64.5667,143.2,35.22,68,27,3.0,RU,1696304851
46,dolgorukovo,52.3195,38.3453,48.11,85,10,6.44,RU,1696304851
47,wailua homesteads,22.0669,-159.378,81.03,82,40,8.05,US,1696304852
48,grytviken,-54.2811,-36.5092,33.66,65,98,10.36,GS,1696304852
49,vilppula,62.0212,24.5048,52.14,94,99,8.1,FI,1696304852
50,klyuchi,52.2667,79.1667,48.34,39,16,9.93,RU,1696304852
51,chibougamau,49.9168,-74.3659,62.22,94,100,9.22,CA,1696304839
52,iskateley,67.6803,53.1512,39.02,78,62,21.0,RU,1696304852
53,college,64.8569,-147.8028,37.38,65,20,13.8,US,1696304852
54,punta arenas,-53.15,-70.9167,42.91,81,75,16.11,CL,1696304776
55,olonkinbyen,70.9221,-8.7187,37.27,89,76,15.21,SJ,1696304853
56,jamestown,42.097,-79.2353,64.04,89,0,1.01,US,1696304625
57,szczecinek,53.7079,16.6994,58.44,79,83,7.25,PL,1696304640
58,waitangi,-43.9535,-176.5597,45.82,89,97,15.01,NZ,1696304853
59,verkhnevilyuysk,63.4453,120.3167,30.94,77,70,4.0,RU,1696304853
60,mao,39.8885,4.2658,68.56,94,0,4.61,ES,1696304854
61,auki,-8.7676,160.7034,82.44,78,93,5.23,SB,1696304854
62,kailua-kona,19.6406,-155.9956,82.36,81,0,8.05,US,1696304854
63,whitehorse,60.7161,-135.0538,48.97,66,75,18.41,CA,1696304782
64,ulsteinvik,62.3432,5.8487,54.75,85,92,5.99,NO,1696304854
65,termas de rio hondo,-27.4998,-64.8604,72.66,45,0,6.55,AR,1696304854
66,whakatane,-37.9585,176.9854,62.51,52,77,8.01,NZ,1696304855
67,griffith,41.5284,-87.4237,73.33,88,0,0.0,US,1696304855
68,tolanaro,-25.0319,46.9987,64.47,77,75,6.91,MG,1696304855
69,greenville,35.6127,-77.3663,65.14,86,0,0.0,US,1696304600
70,polyarnyy,69.1989,33.4478,35.4,76,100,6.44,RU,1696304855
71,tofol,5.3248,163.0078,84.45,68,25,3.69,FM,1696304855
72,rio grande,-32.035,-52.0986,51.94,87,19,8.9,BR,1696304856
73,brzozow,49.695,22.0193,56.84,68,100,8.59,PL,1696304856
74,jwaneng,-24.6004,24.7303,54.37,69,0,18.92,BW,1696304856
75,albany,42.6001,-73.9662,58.53,89,10,1.01,US,1696304719
76,tanah merah,5.8,102.15,85.82,76,98,0.4,MY,1696304856
77,iqaluit,63.7506,-68.5145,37.13,86,100,11.99,CA,1696304856
78,blackmans bay,-43.0167,147.3167,64.53,50,76,8.32,AU,1696304857
79,rio gallegos,-51.6226,-69.2181,48.25,49,0,9.22,AR,1696304857
80,kwaksan,39.6875,125.0828,68.72,52,100,8.08,KP,1696304857
81,acapulco de juarez,16.8634,-99.8901,85.82,79,100,5.75,MX,1696304857
82,newman,37.3138,-121.0208,71.58,55,35,4.0,US,1696304857
83,kantharalak,14.6406,104.6499,87.96,77,98,3.47,TH,1696304857
84,hamilton,39.1834,-84.5333,69.84,82,0,0.0,US,1696304785
85,fale old settlement,-9.3852,-171.2468,83.8,74,95,14.99,TK,1696304858
86,ribeira grande,38.5167,-28.7,68.14,67,7,7.45,PT,1696304858
87,hermanus,-34.4187,19.2345,57.6,91,12,3.15,ZA,1696304858
88,manokwari,-0.8667,134.0833,82.96,71,78,5.61,ID,1696304858
89,puerto ayora,-0.7393,-90.3518,73.54,98,86,5.01,EC,1696304858
90,kapuskasing,49.4169,-82.4331,68.09,77,75,4.61,CA,1696304762
91,rongelap,11.1635,166.8941,84.47,77,58,14.03,MH,1696304859
92,labytnangi,66.6572,66.4183,36.05,67,16,15.59,RU,1696304859
93,dudinka,69.4058,86.1778,34.63,96,100,23.0,RU,1696304859
94,chicoana,-25.1009,-65.5331,61.05,43,0,3.29,AR,1696304859
95,lihue,21.9789,-159.3672,81.64,77,40,8.05,US,1696304860
96,mokhotlong,-29.2894,29.0675,48.99,50,0,0.92,LS,1696304860
97,longyearbyen,78.2186,15.6401,26.44,63,75,16.11,SJ,1696304860
98,cockburn town,21.4612,-71.1419,83.59,76,44,14.36,TC,1696304860
99,geraldton,-28.7667,114.6,72.01,37,38,12.66,AU,1696304860
100,palmas,-10.2128,-48.3603,82.27,69,20,3.44,BR,1696304860
101,novodvinsk,64.4165,40.8122,37.78,84,100,8.03,RU,1696304860
102,siem reap,13.5,104.0,78.55,91,100,3.6,KH,1696304861
103,kruisfontein,-34.0033,24.7314,60.37,50,0,7.54,ZA,1696304861
104,lata,40.1629,-8.3327,61.92,96,11,3.09,PT,1696304861
105,swakopmund,-22.6833,14.5333,54.99,90,6,4.12,NA,1696304861
106,linxi,39.7,118.4333,75.85,35,6,13.09,CN,1696304861
107,hotan,37.0997,79.9269,70.11,16,91,5.68,CN,1696304862
108,teguise,29.0605,-13.564,75.42,50,0,16.11,ES,1696304862
109,barranca,-10.75,-77.7667,65.35,90,96,8.46,PE,1696304862
110,touros,-5.1989,-35.4608,76.57,82,14,12.55,BR,1696304862
111,woolgoolga,-30.1106,153.2007,89.04,58,0,21.0,AU,1696304862
112,brasileia,-11.0161,-68.7481,79.54,76,99,2.35,BR,1696304863
113,rehoboth,-23.3167,17.0833,68.0,23,5,5.84,NA,1696304863
114,naze,28.3667,129.4833,77.92,88,100,7.92,JP,1696304863
115,papao,-17.75,-149.55,79.66,83,3,14.52,PF,1696304863
116,la ronge,55.1001,-105.2842,44.85,87,100,4.61,CA,1696304863
117,santiago de cuba,20.0247,-75.8219,80.71,89,40,3.44,CU,1696304863
118,usoke,-5.1667,32.35,67.84,45,57,8.08,TZ,1696304864
119,vilyuchinsk,52.9306,158.4028,48.47,81,100,5.82,RU,1696304864
120,sola,-13.8833,167.55,79.47,78,100,6.91,VU,1696304864
121,east london,-33.0153,27.9116,56.34,94,0,3.44,ZA,1696304840
122,karachev,53.1229,34.9852,41.16,92,3,5.19,RU,1696304864
123,pacific grove,36.6177,-121.9166,59.43,87,0,3.44,US,1696304865
124,las vegas,36.175,-115.1372,72.28,35,0,8.01,US,1696304703
125,barra de santo antonio,-9.4047,-35.5072,70.88,83,19,7.56,BR,1696304865
126,ibiza,38.9088,1.433,70.93,88,20,4.61,ES,1696304847
127,bubaque,11.2833,-15.8333,82.62,78,93,6.6,GW,1696304865
128,brokopondo,4.75,-55.1667,82.02,73,70,11.25,SR,1696304865
129,lompoc,34.6391,-120.4579,60.01,87,0,14.0,US,1696304866
130,carupano,10.6678,-63.2585,78.89,88,100,5.41,VE,1696304866
131,quiindy,-25.9667,-57.2667,65.8,51,0,8.41,PY,1696304866
132,port arthur,38.8,121.2667,77.22,56,65,10.09,CN,1696304866
133,genhe,50.7833,121.5167,53.06,56,100,4.14,CN,1696304866
134,kristiansund,63.1115,7.732,48.85,87,100,1.14,NO,1696304866
135,simanggang,1.2472,111.4528,89.58,70,20,3.44,MY,1696304867
136,lensk,60.7253,114.9278,30.72,73,96,8.99,RU,1696304867
137,arraial do cabo,-22.9661,-42.0278,69.01,88,100,2.35,BR,1696304867
138,mata-utu,-13.2816,-176.1745,80.46,83,8,27.0,WF,1696304867
139,komotini,41.1228,25.3964,63.05,61,13,6.6,GR,1696304867
140,anadyr,64.75,177.4833,39.7,48,0,8.95,RU,1696304867
141,joao pinheiro,-17.7425,-46.1725,69.94,85,100,3.31,BR,1696304868
142,carnarvon,-24.8667,113.6333,72.68,33,0,18.66,AU,1696304868
143,nouadhibou,20.931,-17.0347,71.58,73,44,6.91,MR,1696304868
144,glendive,47.1053,-104.7125,60.69,88,20,5.75,US,1696304868
145,crane,31.3974,-102.3501,76.5,68,75,17.34,US,1696304868
146,kenora,49.8167,-94.4337,68.97,83,0,5.75,CA,1696304869
147,launceston,-41.45,147.1667,62.35,88,40,19.57,AU,1696304869
148,summerland,49.5998,-119.6691,57.09,76,75,1.14,CA,1696304869
149,pitimbu,-7.4706,-34.8086,75.79,73,12,9.78,BR,1696304869
150,tongchuanshi,35.0806,109.0897,65.35,67,100,4.52,CN,1696304869
151,west island,-12.1568,96.8225,80.58,65,40,14.97,CC,1696304869
152,lebu,-37.6167,-73.65,48.85,82,92,9.78,CL,1696304870
153,bambanglipuro,-7.95,110.2833,83.82,60,96,12.08,ID,1696304870
154,labuan bajo,-8.4964,119.8877,84.15,67,3,8.01,ID,1696304870
155,sao felix do xingu,-6.6447,-51.995,77.18,47,22,0.96,BR,1696304870
156,vale de cambra,40.8497,-8.3939,64.69,91,39,3.53,PT,1696304870
157,pulsano,40.3821,17.3564,67.82,75,1,3.0,IT,1696304870
158,hillsboro,45.5229,-122.9898,58.01,89,100,11.5,US,1696304871
159,utrik,11.2278,169.8474,83.88,78,34,15.05,MH,1696304871
160,aasiaat,68.7098,-52.8699,14.77,79,20,8.81,GL,1696304871
161,viamao,-30.0811,-51.0233,56.39,84,0,8.05,BR,1696304649
162,chardara,41.2547,67.9692,66.85,29,0,5.97,KZ,1696304871
163,tianpeng,30.9866,103.9393,73.2,74,100,2.84,CN,1696304871
164,juneau,58.3019,-134.4197,51.22,97,100,16.11,US,1696304754
165,zaragoza,41.6561,-0.8773,70.25,75,75,5.75,ES,1696304872
166,preobrazheniye,42.9019,133.9064,66.43,40,26,8.01,RU,1696304872
167,mount gambier,-37.8333,140.7667,58.41,60,54,13.29,AU,1696304872
168,nova sintra,14.8667,-24.7167,73.65,81,14,10.45,CV,1696304872
169,badger,64.8,-147.5333,37.31,67,40,13.8,US,1696304872
170,susuman,62.7833,148.1667,34.99,61,7,4.0,RU,1696304873
171,atafu village,-8.5421,-172.5159,84.25,73,10,12.39,TK,1696304873
172,novyy urgal,51.0736,132.5642,47.98,62,92,1.68,RU,1696304873
173,boa vista,2.8197,-60.6733,87.78,48,0,5.75,BR,1696304654
174,gadzhiyevo,69.2551,33.3362,34.57,78,100,6.53,RU,1696304873
175,georgetown,5.4112,100.3354,90.95,79,20,5.75,MY,1696304869
176,east moriches,40.8051,-72.7609,62.38,85,0,0.0,US,1696304873
177,ati,13.2154,18.3353,83.16,55,97,5.88,TD,1696304874
178,chiang klang,19.2938,100.8617,89.6,60,19,2.66,TH,1696304874
179,nanning,22.8167,108.3167,86.45,62,19,6.2,CN,1696304743
180,sitka,57.0531,-135.33,53.49,82,100,8.05,US,1696304874
181,bodo,67.28,14.405,44.94,90,100,14.97,NO,1696304874
182,melfort,52.8667,-104.6177,42.55,96,73,4.18,CA,1696304874
183,port alfred,-33.5906,26.891,67.89,47,0,7.92,ZA,1696304875
184,saint-pierre,-21.3393,55.4781,77.58,60,40,8.05,RE,1696304875
185,alo,7.4178,6.7371,74.43,98,100,0.98,NG,1696304875
186,pangkalpinang,-2.1333,106.1333,89.28,52,100,10.94,ID,1696304875
187,riberalta,-10.9833,-66.1,80.44,69,48,1.48,BO,1696304875
188,carutapera,-1.195,-46.02,78.8,86,55,7.76,BR,1696304875
189,alofi,-19.0595,-169.9187,73.29,78,100,19.57,NU,1696304876
190,remire-montjoly,4.9167,-52.2667,78.84,89,0,2.3,GF,1696304876
191,photharam,13.6923,99.8497,91.96,90,81,5.99,TH,1696304876
192,khorixas,-20.3667,14.9667,79.03,17,96,5.37,NA,1696304876
193,gamba,-2.65,10.0,75.94,87,89,5.48,GA,1696304876
194,eraan,9.0629,117.7016,88.12,63,100,10.04,PH,1696304876
195,la'ie,21.6477,-157.9253,82.36,74,27,4.0,US,1696304877
196,shakhtersk,48.0625,38.5167,59.41,64,87,12.41,UA,1696304877
197,isafjordur,66.0755,-23.124,33.91,93,100,15.73,IS,1696304877
198,petropavlovsk-kamchatsky,53.0452,158.6483,46.99,85,75,15.01,RU,1696304877
199,heber city,40.5069,-111.4132,44.62,90,0,0.0,US,1696304877
200,illapel,-31.6308,-71.1653,49.89,90,50,2.26,CL,1696304877
201,kavaratti,10.5669,72.642,82.02,74,100,6.85,IN,1696304878
202,temryuk,45.2722,37.3811,61.72,70,2,17.0,RU,1696304878
203,keflavik,64.0049,-22.5624,43.23,75,0,11.5,IS,1696304878
204,klaksvik,62.2266,-6.589,49.12,86,77,11.1,FO,1696304878
205,malindi,-3.2175,40.1191,77.16,83,40,0.0,KE,1696304878
206,udachny,66.4167,112.4,25.45,73,45,11.43,RU,1696304850
207,ulladulla,-35.35,150.4667,89.76,33,98,4.54,AU,1696304879
208,gritsovskiy,54.1376,38.1604,50.77,76,68,5.82,RU,1696304879
209,enewetak,11.3474,162.3373,83.43,77,100,10.2,MH,1696304879
210,twon-brass,4.3151,6.2418,80.33,81,86,10.76,NG,1696304879
211,fu'an,27.0892,119.6453,86.59,56,23,1.01,CN,1696304879
212,karratha,-20.7377,116.8463,90.99,22,50,13.27,AU,1696304879
213,poronaysk,49.2167,143.1167,51.3,90,100,20.36,RU,1696304880
214,sisimiut,66.9395,-53.6735,33.1,60,3,5.14,GL,1696304880
215,gasteiz / vitoria,42.85,-2.6667,63.28,94,10,3.44,ES,1696304880
216,kudepsta,43.4944,39.8964,60.85,87,97,7.0,RU,1696304880
217,yuzhno-kurilsk,44.0306,145.8556,58.37,74,43,23.26,RU,1696304880
218,kayes,14.0,-11.0,76.28,75,100,4.92,ML,1696304880
219,flin flon,54.7682,-101.865,43.29,97,100,3.76,CA,1696304881
220,vilyuysk,63.7553,121.6247,36.66,51,43,5.61,RU,1696304881
221,nova vicosa,-17.8919,-39.3719,75.65,92,98,10.98,BR,1696304881
222,thompson,55.7435,-97.8558,42.96,93,100,0.0,CA,1696304881
223,zabol,32.25,67.25,61.95,13,0,4.12,AF,1696304881
224,pundong,-7.9522,110.3486,85.53,57,93,12.64,ID,1696304881
225,ouarzazat,30.9189,-6.8934,70.09,24,0,1.14,MA,1696304881
226,sabha,27.0377,14.4283,72.79,39,1,10.4,LY,1696304882
227,vila velha,-20.3297,-40.2925,73.94,93,75,3.44,BR,1696304635
228,dryden,49.7833,-92.7503,71.89,68,20,8.05,CA,1696304882
229,saint-philippe,-21.3585,55.7679,74.79,77,6,0.85,RE,1696304882
230,st. john's,47.5649,-52.7093,47.89,96,0,4.0,CA,1696304653
231,hpa-an,16.8906,97.6333,79.61,90,100,0.76,MM,1696304883
232,sao geraldo do araguaia,-6.4006,-48.555,84.25,43,29,2.48,BR,1696304883
233,arkhangel'sk,64.5401,40.5433,38.12,84,100,8.32,RU,1696304883
234,east wittering,50.7697,-0.8744,56.52,91,100,10.0,GB,1696304883
235,inyonga,-6.7167,32.0667,65.35,52,71,3.87,TZ,1696304883
236,ifon,6.9241,5.776,72.52,99,100,1.28,NG,1696304883
237,thies,14.8342,-17.1061,82.29,100,40,10.36,SN,1696304884
238,dofteana,46.3167,26.5167,41.18,80,8,5.37,RO,1696304884
239,villa rica,33.7321,-84.9191,67.39,97,0,3.24,US,1696304884
240,saipan,15.1355,145.701,84.9,79,75,13.8,MP,1696304884
241,pisco,-13.7,-76.2167,65.01,88,0,14.97,PE,1696304659
242,portland,45.5234,-122.6762,58.75,94,100,8.05,US,1696304722
243,bikin,46.8161,134.26,61.0,47,17,4.16,RU,1696304885
244,palikir - national government center,6.9248,158.1611,86.85,74,75,5.75,FM,1696304885
245,poteau,35.0537,-94.6236,76.75,77,0,0.0,US,1696304814
246,turbat,26.0023,63.044,91.54,24,1,2.1,PK,1696304885
247,biltine,14.5333,20.9167,80.38,66,84,13.76,TD,1696304885
248,markovo,57.3206,107.0881,34.32,69,94,9.98,RU,1696304886
249,i-n-salah,27.1935,2.4607,78.26,36,0,18.23,DZ,1696304886
250,daru,-9.0763,143.2092,80.98,74,58,11.1,PG,1696304886
251,igrim,63.1906,64.4162,45.01,75,99,7.0,RU,1696304886
252,oliver,49.1831,-119.5524,57.45,88,97,1.14,CA,1696304714
253,san juan nepomuceno,9.9516,-75.082,77.43,93,100,3.2,CO,1696304886
254,san patricio,28.017,-97.5169,84.83,83,3,11.5,US,1696304887
255,bayanaul,50.7889,75.6956,46.4,56,91,8.79,KZ,1696304887
256,kertih,4.5141,103.4483,86.09,74,20,5.01,MY,1696304667
257,namibe,-15.1961,12.1522,64.81,91,48,5.17,AO,1696304887
258,puerto aysen,-45.4,-72.7,36.93,99,100,2.66,CL,1696304887
259,villagarzon,1.0375,-76.6267,72.03,91,82,5.37,CO,1696304887
260,mesyagutovo,55.5303,58.2528,53.89,70,100,6.35,RU,1696304887
261,tateyama,34.9833,139.8667,75.36,54,50,5.12,JP,1696304888
262,revda,56.801,59.9303,52.79,76,100,7.65,RU,1696304888
263,binbrook,43.121,-79.804,69.76,82,0,5.75,CA,1696304888
264,jiayuguan,39.8167,98.3,62.82,29,100,11.61,CN,1696304888
265,dhuusamarreeb,5.535,46.3861,77.97,70,5,15.1,SO,1696304888
266,port douglas,-16.4833,145.4667,77.72,71,65,9.73,AU,1696304888
267,kosh-agach,50.0,88.6667,39.24,60,6,2.35,RU,1696304889
268,ancud,-41.8697,-73.8203,42.33,77,72,1.28,CL,1696304889
269,ar ruways,24.1103,52.7306,89.64,53,0,4.52,AE,1696304889
270,tsiombe,-25.3,45.4833,66.9,47,14,13.42,MG,1696304889
271,christchurch,-43.5333,172.6333,55.9,49,9,2.3,NZ,1696304858
272,bafq,31.6128,55.4107,79.23,16,0,4.83,IR,1696304889
273,santa ana,33.7456,-117.8678,67.05,78,0,4.61,US,1696304688
274,yelan',50.949,43.7378,54.57,81,100,9.44,RU,1696304890
275,hilo,19.7297,-155.09,78.53,82,100,1.01,US,1696304787
276,lorengau,-2.0226,147.2712,85.62,71,61,8.39,PG,1696304890
277,outjo,-20.1167,16.15,75.58,24,98,3.58,NA,1696304890
278,viqueque,-8.8673,126.3658,88.36,52,0,8.48,TL,1696304890
279,kathu,7.9178,98.3332,84.02,78,94,11.61,TH,1696304891
280,tacuarembo,-31.7333,-55.9833,48.2,93,76,6.04,UY,1696304891
281,zango,13.0515,8.4877,76.8,59,100,0.94,NG,1696304891
282,vail,32.0479,-110.712,73.11,31,0,6.69,US,1696304891
283,batyrevo,55.0675,47.6111,53.49,91,100,4.63,RU,1696304891
284,muborak,39.2553,65.1528,70.57,17,8,9.04,UZ,1696304891
285,bonthe,7.5264,-12.505,77.0,90,98,3.87,SL,1696304892
286,eyl,7.9803,49.8164,80.17,76,39,12.21,SO,1696304892
287,salta,-24.7859,-65.4117,61.57,66,0,8.05,AR,1696304882
288,rio preto da eva,-2.6994,-59.6997,80.87,48,93,3.2,BR,1696304892
289,ballina,-28.8667,153.5667,84.78,52,0,17.63,AU,1696304892
290,cobija,-11.0267,-68.7692,79.3,76,98,2.3,BO,1696304892
291,t'aebaek,37.1759,128.9889,61.54,53,100,3.27,KR,1696304893
292,barah,13.7,30.3667,82.98,58,35,10.69,SD,1696304893
293,dubbo,-32.25,148.6167,89.73,17,59,26.46,AU,1696304893
294,madarounfa,13.3087,7.156,78.12,59,100,7.78,NE,1696304893
295,ixtapa,20.7,-105.2,83.23,94,100,5.75,MX,1696304893
296,island harbour,50.724,-1.2758,56.46,90,100,3.0,GB,1696304893
297,sanctuary point,-35.1114,150.629,89.98,35,83,8.81,AU,1696304893
298,haiku-pauwela,20.9219,-156.3051,82.42,68,20,6.91,US,1696304894
299,linxia chengguanzhen,35.6003,103.2064,56.44,81,100,1.86,CN,1696304730
300,port elizabeth,-33.918,25.5701,69.31,40,0,3.0,ZA,1696304894
301,chavusy,53.8075,30.9712,44.98,91,74,6.78,BY,1696304894
302,robertsport,6.7533,-11.3686,77.83,87,24,6.11,LR,1696304894
303,choyr,46.3611,108.3611,46.36,54,52,5.66,MN,1696304894
304,sao vicente,-23.9631,-46.3919,69.98,26,100,2.55,BR,1696304895
305,dubovka,49.0583,44.829,59.52,61,100,6.17,RU,1696304895
306,shulan,44.4167,126.95,65.59,52,99,14.52,CN,1696304895
307,cuenca,-2.8833,-78.9833,57.33,88,75,5.75,EC,1696304895
308,nabire,-3.3667,135.4833,85.86,66,93,4.85,ID,1696304895
309,chone,-0.6833,-80.1,74.57,76,86,1.7,EC,1696304895
310,chaoyang,41.5703,120.4586,80.13,23,88,13.42,CN,1696304896
311,ouled mimoun,34.9047,-1.0339,57.22,61,0,0.92,DZ,1696304896
312,necochea,-38.5473,-58.7368,47.46,93,98,8.57,AR,1696304838
313,albertina,-22.2008,-46.6158,65.37,90,26,3.51,BR,1696304896
314,chonchi,-42.6128,-73.8092,41.13,97,57,1.41,CL,1696304896
315,yanchep,-31.55,115.6833,65.28,52,63,10.33,AU,1696304896
316,port-vila,-17.7338,168.3219,76.6,73,100,19.57,VU,1696304897
317,umm ruwaba,12.9061,31.2158,81.05,56,4,8.81,SD,1696304897
318,richards bay,-28.783,32.0377,62.96,65,0,16.04,ZA,1696304897
319,mount isa,-20.7333,139.5,94.77,15,1,12.66,AU,1696304897
320,queenstown,-31.8976,26.8753,61.48,44,0,5.55,ZA,1696304897
321,knysna,-34.0363,23.0471,59.9,75,0,7.49,ZA,1696304897
322,villa emilio carranza,19.9667,-96.6,80.11,82,66,4.05,MX,1696304898
323,grand falls-windsor,48.9332,-55.6649,47.5,83,53,4.74,CA,1696304898
324,alzamay,55.5562,98.6644,38.03,97,100,5.66,RU,1696304898
325,fort bragg,35.139,-79.006,67.14,89,0,0.0,US,1696304898
326,bardai,11.65,7.2333,69.48,85,100,5.99,NG,1696304898
327,merowe,18.4833,31.8167,87.67,18,3,10.0,SD,1696304898
328,palmer,42.1584,-72.3287,57.61,89,0,0.0,US,1696304728
329,kayangel,8.0823,134.7173,83.98,72,48,8.25,PW,1696304899
330,shingu,33.7333,135.9833,76.32,39,78,5.06,JP,1696304899
331,dauphin,51.1494,-100.0502,53.74,100,100,4.61,CA,1696304899
332,palm coast,29.585,-81.2078,79.07,76,40,14.0,US,1696304899
333,fortuna,40.5982,-124.1573,58.66,90,75,5.75,US,1696304899
334,coquimbo,-29.9533,-71.3436,56.93,82,100,5.75,CL,1696304766
335,helmbrechts,50.2356,11.7159,57.47,83,17,5.75,DE,1696304900
336,stanthorpe,-28.6667,151.95,76.42,40,0,10.25,AU,1696304900
337,lazaro cardenas,17.9583,-102.2,80.28,90,100,5.77,MX,1696304900
338,alliance,40.9153,-81.1059,65.57,93,4,3.85,US,1696304900
339,chaohu,31.6,117.8667,65.39,92,100,6.08,CN,1696304901
340,tandil,-37.3217,-59.1332,49.68,93,100,4.65,AR,1696304901
341,suileng,47.25,127.0833,61.93,51,94,12.24,CN,1696304901
342,summerside,46.3959,-63.7876,59.11,88,83,8.05,CA,1696304728
343,gorontalo,0.5412,123.0595,91.94,49,52,8.03,ID,1696304901
344,sakakah,29.9697,40.2064,72.97,36,99,5.84,SA,1696304902
345,tawau,4.2498,117.8871,80.73,83,71,1.99,MY,1696304902
346,pauini,-7.7136,-66.9764,81.86,62,97,2.82,BR,1696304902
347,betio village,1.358,172.9211,89.64,73,12,10.54,KI,1696304902
348,sarina,-21.4333,149.2167,80.28,17,20,10.87,AU,1696304902
349,itaituba,-4.2761,-55.9836,81.93,55,76,3.09,BR,1696304903
350,bilajer,40.5681,50.0378,66.02,88,79,0.0,AZ,1696304903
351,egilsstadir,65.2653,-14.3948,39.11,93,100,6.91,IS,1696304903
352,matoury,4.8483,-52.3317,78.76,89,0,2.3,GF,1696304903
353,luga,58.7372,29.8453,51.15,87,100,8.75,RU,1696304903
354,kirensk,57.7853,108.1119,36.01,65,95,10.0,RU,1696304903
355,peniche,39.3558,-9.3811,68.56,93,44,10.18,PT,1696304761
356,laguna,38.421,-121.4238,70.32,49,0,5.75,US,1696304904
357,qoryooley,1.7878,44.53,79.66,82,29,10.65,SO,1696304904
358,el abiodh sidi cheikh,32.893,0.5484,65.39,46,0,2.62,DZ,1696304904
359,central,30.5544,-91.0368,75.81,76,0,5.75,US,1696304905
360,alappuzha,9.49,76.3264,84.0,81,39,4.94,IN,1696304905
361,souillac,-20.5167,57.5167,70.18,88,20,3.44,MU,1696304905
362,winnemucca,40.973,-117.7357,50.05,76,0,5.75,US,1696304905
363,puerto madero,14.7208,-92.4215,79.0,100,75,0.0,MX,1696304905
364,callao,-12.0667,-77.15,68.72,77,75,13.8,PE,1696304905
365,katsuura,35.1333,140.3,73.6,62,73,11.21,JP,1696304906
366,san jose del guaviare,2.5729,-72.6459,74.41,94,98,0.76,CO,1696304906
367,taltal,-25.4,-70.4833,57.87,86,25,1.74,CL,1696304906
368,hithadhoo,-0.6,73.0833,82.15,75,84,11.74,MV,1696304906
369,puerto baquerizo moreno,-0.9,-89.6,72.73,91,79,9.55,EC,1696304906
370,kalaleh,37.3807,55.4916,62.2,48,75,4.61,IR,1696304906
371,zara,44.1197,15.2422,54.21,94,0,3.44,HR,1696304907
372,manismata,-2.4667,111.0333,96.37,30,95,5.99,ID,1696304907
373,rakops,-21.0167,24.3333,59.16,68,0,13.33,BW,1696304907
374,scottburgh,-30.2867,30.7532,59.63,74,0,10.54,ZA,1696304907
375,talnakh,69.4865,88.3972,34.21,96,100,15.32,RU,1696304907
376,jodhpur,26.2867,73.03,87.17,33,0,12.1,IN,1696304908
377,moranbah,-22.0016,148.0466,83.55,37,11,21.56,AU,1696304908
378,fiumicino-isola sacra,41.7675,12.2291,67.01,61,7,2.3,IT,1696304908
379,zaraza,9.3503,-65.3245,74.41,96,100,0.94,VE,1696304908
380,brisas de zicatela,15.8369,-97.0419,79.32,69,100,2.3,MX,1696304908
381,tangalle,6.024,80.7911,82.56,73,95,9.04,LK,1696304908
382,yulinshi,38.2906,109.7494,62.53,53,55,3.67,CN,1696304909
383,parasia,22.2,78.7667,77.95,63,58,12.53,IN,1696304909
384,saint albans,51.75,-0.3333,56.16,95,100,12.66,GB,1696304909
385,budaun,28.05,79.1167,81.37,33,31,8.28,IN,1696304909
386,prieska,-29.6641,22.7474,68.04,35,0,6.98,ZA,1696304909
387,borujerd,33.8973,48.7516,62.56,52,87,4.18,IR,1696304910
388,nizhnesortymskiy,62.4397,71.7603,49.05,83,41,15.57,RU,1696304910
389,porto novo,6.4965,2.6036,76.66,93,61,5.39,BJ,1696304910
390,surgana,20.5667,73.6167,75.74,75,53,3.53,IN,1696304910
391,westport,41.1415,-73.3579,63.82,86,0,4.0,US,1696304707
392,zhangjiakou shi xuanhua qu,40.6103,115.0447,70.27,39,4,5.28,CN,1696304910
393,itatiaia,-22.4961,-44.5633,66.85,99,99,2.98,BR,1696304911
394,lerwick,60.1545,-1.1494,53.6,82,11,21.88,GB,1696304911
395,owase,34.0667,136.2,77.54,37,87,4.5,JP,1696304911
396,bull savanna,17.8868,-77.5902,79.9,82,100,2.51,JM,1696304911
397,kerikeri,-35.2268,173.9474,63.91,65,0,3.0,NZ,1696304911
398,kurye,35.2094,127.4644,68.95,59,100,2.3,KR,1696304912
399,amga,60.8953,131.9608,46.98,65,100,3.0,RU,1696304912
400,new norfolk,-42.7826,147.0587,65.71,51,69,8.16,AU,1696304912
401,kone,-21.0595,164.8658,76.91,59,84,9.46,NC,1696304912
402,la mira,18.035,-102.3266,79.2,92,100,5.59,MX,1696304912
403,palanga,55.9175,21.0686,62.62,100,75,6.91,LT,1696304913
404,smara,26.7384,-11.6719,80.24,26,0,8.32,EH,1696304913
405,leongatha,-38.4833,145.95,56.68,99,100,2.91,AU,1696304913
406,jurm,36.8648,70.8342,63.64,33,0,0.74,AF,1696304913
407,sinop,41.7711,34.8709,52.79,87,46,5.57,TR,1696304913
408,aksu,41.1231,80.2644,69.13,33,87,1.45,CN,1696304913
409,urangan,-25.3,152.9,73.71,62,45,11.14,AU,1696304914
410,praya,14.9215,-23.5087,77.54,88,20,5.75,CV,1696304914
411,svobodnyy,51.4,128.1333,51.13,59,95,7.0,RU,1696304914
412,gelendost,38.1208,31.0153,56.84,79,62,7.4,TR,1696304914
413,nelson,-41.2833,173.2833,58.28,43,0,1.99,NZ,1696304914
414,ambodifotatra,-16.9833,49.85,75.25,88,75,4.61,MG,1696304915
415,ad dilam,23.9915,47.1627,82.81,17,0,5.93,SA,1696304839
416,suva,-18.1416,178.4415,76.48,61,75,13.8,FJ,1696304915
417,kalianget,-7.05,113.9333,84.96,58,81,10.09,ID,1696304915
418,tromso,69.6496,18.957,37.42,87,75,2.3,NO,1696304915
419,sabang,5.8933,95.3214,82.4,74,100,13.49,ID,1696304915
420,kiunga,-6.1219,141.2906,81.63,91,73,2.21,PG,1696304916
421,truth or consequences,33.1284,-107.2528,73.63,35,0,10.36,US,1696304916
422,nakamura,32.9833,132.9333,76.89,53,100,4.61,JP,1696304916
423,eydhafushi,5.1033,73.0708,80.83,80,100,12.03,MV,1696304916
424,kaiapoi,-43.3783,172.6401,56.07,51,5,2.3,NZ,1696304916
425,port blair,11.6667,92.75,80.64,83,100,10.36,IN,1696304916
426,port moresby,-9.4431,147.1797,87.22,66,40,23.02,PG,1696304917
427,inirida,3.8653,-67.9239,76.15,87,98,1.14,CO,1696304917
428,chaiya,9.3862,99.1986,85.98,75,99,3.78,TH,1696304917
429,turpan,42.9333,89.1667,79.81,21,100,5.57,CN,1696304917
430,ghat,24.9647,10.1728,76.75,39,0,2.46,LY,1696304917
431,afaahiti,-17.75,-149.2833,78.06,86,66,12.93,PF,1696304917
432,pirallahi,40.4723,50.333,66.34,61,92,2.98,AZ,1696304918
433,nikolayevsk-on-amure,53.1406,140.73,46.76,94,100,5.97,RU,1696304918
434,hasaki,35.7333,140.8333,79.2,53,70,11.32,JP,1696304918
435,camacupa,-12.0167,17.4833,68.97,56,70,4.65,AO,1696304918
436,bikenibeu village,1.3673,173.1241,89.56,62,20,6.91,KI,1696304918
437,sao gabriel da cachoeira,-0.1303,-67.0892,76.32,82,100,1.66,BR,1696304687
438,vuktyl,63.8567,57.3094,41.11,81,37,10.0,RU,1696304919
439,bechar,31.6167,-2.2167,68.32,37,0,3.44,DZ,1696304919
440,laurel,39.0993,-76.8483,69.26,90,0,0.0,US,1696304708
441,melekeok village,7.4957,134.6367,88.36,70,75,11.5,PW,1696304919
442,akjoujt,19.6969,-14.4164,89.1,13,1,8.14,MR,1696304920
443,ferkessedougou,9.6,-5.2,72.82,96,39,4.03,CI,1696304920
444,coahuayana de hidalgo,18.7,-103.6583,80.89,92,100,0.85,MX,1696304920
445,emerald,-23.5333,148.1667,85.33,31,0,12.55,AU,1696304656
446,zhezqazghan,47.7833,67.7667,46.98,76,0,8.95,KZ,1696304920
447,chingola,-12.529,27.8838,64.2,69,46,8.3,ZM,1696304921
448,sangmelima,2.9333,11.9833,69.1,99,100,3.78,CM,1696304921
449,nar'yan-mar,67.6713,53.087,39.11,78,62,21.0,RU,1696304921
450,severobaykal'sk,55.65,109.3167,37.51,43,51,4.85,RU,1696304921
451,sungai raya,0.7,108.9,88.48,56,100,8.01,ID,1696304921
452,tazovsky,67.4667,78.7,39.54,94,100,23.87,RU,1696304921
453,howard springs,-12.497,131.047,89.51,38,80,8.81,AU,1696304922
454,tionk essil,12.7856,-16.5217,77.05,87,100,4.79,SN,1696304922
455,piton saint-leu,-21.2196,55.3151,74.41,60,40,8.05,RE,1696304922
456,tabou,4.423,-7.3528,76.5,87,100,9.4,CI,1696304922
457,salalah,17.0151,54.0924,77.09,69,75,4.61,OM,1696304922
458,caratinga,-19.7897,-42.1392,72.63,79,100,2.17,BR,1696304923
459,dzhambeyty,50.2536,52.595,62.73,48,100,11.72,KZ,1696304923
460,vadso,70.0744,29.7487,32.88,100,100,5.75,NO,1696304923
461,nago,26.5881,127.9761,91.83,87,100,11.27,JP,1696304923
462,zhumadian,32.9794,114.0294,70.09,69,71,4.45,CN,1696304923
463,ouadda,8.0777,22.4007,68.56,91,100,3.89,CF,1696304923
464,dawson creek,55.7666,-120.2362,47.84,57,40,2.3,CA,1696304924
465,dhidhdhoo,6.8833,73.1,81.79,79,82,15.57,MV,1696304924
466,lakatoro,-16.0999,167.4164,79.12,76,79,18.99,VU,1696304924
467,port hueneme,34.1478,-119.1951,64.96,83,0,6.91,US,1696304924
468,east grand forks,47.93,-97.0245,64.63,94,0,4.61,US,1696304860
469,abohar,30.15,74.1833,87.6,17,0,4.38,IN,1696304924
470,carbonear,47.7332,-53.2148,49.12,93,30,2.08,CA,1696304925
471,mahenge,-8.6833,36.7167,60.91,73,85,1.63,TZ,1696304925
472,muli,2.9167,73.5667,82.13,77,94,12.17,MV,1696304925
473,flying fish cove,-10.4217,105.6791,80.28,69,75,14.97,CX,1696304925
474,luz,-19.8014,-45.6856,72.55,82,82,1.16,BR,1696304925
475,upata,8.0086,-62.3989,74.34,86,100,3.29,VE,1696304926
476,vila do maio,15.1333,-23.2167,77.79,81,96,7.09,CV,1696304926
477,leava,-14.3,-178.1667,80.01,78,42,25.88,WF,1696304926
478,champerico,14.3,-91.9167,81.93,79,92,1.97,GT,1696304926
479,nemuro,43.3236,145.575,61.21,69,7,20.62,JP,1696304926
480,road town,18.4167,-64.6167,84.29,77,73,7.38,VG,1696304927
481,brookhaven,31.5791,-90.4407,71.26,59,1,5.06,US,1696304884
482,nantucket,41.2835,-70.0995,55.45,94,0,4.61,US,1696304688
483,codrington,-38.2667,141.9667,56.79,70,97,17.78,AU,1696304927
484,as sulayyil,20.4607,45.5779,71.85,14,0,0.45,SA,1696304927
485,tocopilla,-22.092,-70.1979,63.03,81,47,7.07,CL,1696304927
486,manhattan,40.7834,-73.9662,66.61,80,40,4.61,US,1696304867
487,pingzhuang,42.0372,119.2889,75.67,24,69,11.88,CN,1696304928
488,kingston,17.997,-76.7936,81.55,93,20,3.44,JM,1696304765
489,lucaya,26.5333,-78.6667,73.33,88,0,5.75,BS,1696304928
490,midlothian,32.4824,-96.9945,81.41,54,0,5.01,US,1696304928
491,colonia,50.9333,6.95,73.89,75,0,12.66,DE,1696304928
492,gizo,-8.103,156.8419,82.08,84,81,15.1,SB,1696304928
493,qalat,32.1058,66.9083,65.32,12,0,2.28,AF,1696304929
494,kapa'a,22.0752,-159.319,82.38,82,40,8.05,US,1696304929
495,ts'nori,41.6209,45.9694,64.65,78,78,3.49,GE,1696304929
496,viedma,-40.8135,-62.9967,49.24,91,38,5.32,AR,1696304929
497,moa,20.6569,-74.9403,81.23,86,99,8.61,CU,1696304929
498,yarmouth,41.7057,-70.2286,57.96,93,0,5.01,US,1696304930
499,tegal,-6.8694,109.1402,87.94,50,100,5.26,ID,1696304930
500,bairnsdale,-37.8333,147.6167,77.13,42,100,12.19,AU,1696304930
501,heunghae,36.1125,129.3522,72.57,53,100,4.16,KR,1696304930
502,cantley,53.5,-1.05,53.15,95,86,7.18,GB,1696304930
503,kuala terengganu,5.3302,103.1408,86.99,83,20,3.44,MY,1696304930
504,nur-sultan,51.1801,71.446,40.95,100,100,13.42,KZ,1696304931
505,borogontsy,62.6683,131.1683,45.28,87,100,5.01,RU,1696304931
506,varzea grande,-15.6467,-56.1325,84.07,61,0,6.91,BR,1696304931
507,hengchun,22.0042,120.7439,84.33,69,97,14.47,TW,1696304931
508,mar del plata,-38.0023,-57.5575,52.09,99,100,4.61,AR,1696304655
509,rabo de peixe,37.8,-25.5833,67.51,99,20,8.05,PT,1696304931
510,brookings,44.3114,-96.7984,75.54,52,0,13.8,US,1696304932
511,sitapur,27.5667,80.6833,79.18,55,100,5.01,IN,1696304932
512,korsakov,46.6328,142.7813,58.84,84,79,13.0,RU,1696304932
513,agria,47.9026,20.3733,55.13,67,54,1.83,HU,1696304932
514,lukolela,-1.0605,17.1821,72.14,97,100,1.45,CD,1696304932
515,la sarre,48.8002,-79.1996,66.94,74,88,10.87,CA,1696304932
516,cabedelo,-6.9811,-34.8339,75.87,75,13,10.45,BR,1696304932
517,dalandzadgad,43.5708,104.425,53.33,40,6,8.84,MN,1696304933
518,coruripe,-10.1256,-36.1756,72.77,85,4,10.45,BR,1696304933
519,vallegrande,-18.4897,-64.1069,57.25,95,35,4.94,BO,1696304933
520,lusambo,-4.9667,23.45,71.26,83,63,0.63,CD,1696304933
521,hanceville,34.0607,-86.7675,72.21,63,0,3.15,US,1696304933
522,usogorsk,63.4106,48.6872,38.66,90,100,2.8,RU,1696304934
523,sao lourenco do sul,-31.3653,-51.9783,54.75,88,4,6.69,BR,1696304934
524,tshikapa,-6.4167,20.8,70.75,91,85,1.74,CD,1696304934
525,perry,37.2506,-83.1999,70.52,76,0,2.37,US,1696304726
526,diego de almagro,-26.3667,-70.05,55.44,68,1,1.25,CL,1696304934
527,irbit,57.6705,63.071,54.41,79,95,6.64,RU,1696304934
528,hargeysa,9.56,44.065,69.53,72,16,5.41,SO,1696304934
529,malango,-2.9627,119.9001,87.4,46,58,5.39,ID,1696304935
530,zhigalovo,54.8097,105.1578,35.08,56,95,3.0,RU,1696304935
531,luderitz,-26.6481,15.1594,63.32,64,0,7.29,NA,1696304935
532,gazli,40.1333,63.45,67.77,28,31,12.33,UZ,1696304935
533,embi,48.8264,58.1442,56.77,46,85,6.17,KZ,1696304935
534,nelson bay,-32.7167,152.15,91.45,61,0,25.01,AU,1696304885
535,chincha alta,-13.4099,-76.1323,63.19,88,68,4.85,PE,1696304691
536,edd,13.9297,41.6925,89.28,50,0,7.83,ER,1696304936
537,yemva,62.59,50.8594,42.06,90,99,5.99,RU,1696304936
538,nakonde,-9.3421,32.745,61.32,59,100,6.64,ZM,1696304936
539,ceeldheer,3.8488,47.1806,79.41,83,6,10.42,SO,1696304936
540,banda aceh,5.5577,95.3222,85.93,65,100,8.95,ID,1696304936
541,llallagua,-18.4167,-66.6333,50.63,33,64,4.97,BO,1696304937
542,baharly,38.4362,57.4316,70.52,22,3,4.03,TM,1696304937
543,ust'-barguzin,53.45,108.9833,40.08,58,100,8.01,RU,1696304937
544,crossett,33.1282,-91.9612,69.78,54,5,5.82,US,1696304799
545,north bend,43.4065,-124.2243,59.92,100,100,5.75,US,1696304937
546,kenai,60.5544,-151.2583,46.15,79,0,3.44,US,1696304937
547,firminopolis,-16.5819,-50.305,72.05,88,100,8.12,BR,1696304938
548,saudarkrokur,65.7461,-19.6394,37.65,97,100,6.2,IS,1696304938
549,huilong,31.8111,121.655,75.92,69,100,10.31,CN,1696304938
550,balykshi,47.0667,51.8667,62.6,59,40,17.9,KZ,1696304938
551,sibut,5.718,19.0739,70.12,96,93,1.92,CF,1696304938
552,east ballina,-28.8667,153.5833,84.79,53,0,18.19,AU,1696304808
553,maputsoe,-28.8833,27.9,53.73,49,0,2.39,LS,1696304938
554,springbok,-29.6643,17.8865,59.77,39,0,1.5,ZA,1696304939
555,sadovoye,47.7764,44.5089,60.89,47,100,4.09,RU,1696304939
556,hadibu,12.65,54.0333,81.05,78,16,4.27,YE,1696304939
557,benjamin aceval,-24.9667,-57.5667,78.94,44,0,7.56,PY,1696304939
558,salinopolis,-0.6136,-47.3561,79.99,82,40,12.55,BR,1696304939
559,fossombrone,43.6908,12.8127,68.22,61,7,3.51,IT,1696304939
560,nicoya,10.1483,-85.452,75.85,98,100,1.45,CR,1696304940
561,azrou,33.4344,-5.2213,68.56,34,87,5.1,MA,1696304940
562,tabanan,-8.5413,115.1252,84.6,64,72,9.17,ID,1696304940
563,floro,61.5996,5.0328,51.76,82,100,13.8,NO,1696304940
564,horst,52.3083,5.5819,68.92,83,100,1.01,NL,1696304940
565,motygino,58.1831,94.7592,38.79,54,100,10.0,RU,1696304940
566,jiazi,22.8779,116.067,84.07,69,34,3.98,CN,1696304941
567,majuro,7.0897,171.3803,84.11,74,74,9.69,MH,1696304941
568,luanco,43.6152,-5.7934,69.03,88,100,8.41,ES,1696304941
569,lycksele,64.5954,18.6735,33.67,100,75,2.3,SE,1696304941
570,imbituba,-28.24,-48.6703,54.73,84,0,5.26,BR,1696304884
571,buriti alegre,-18.14,-49.0403,68.56,89,100,3.02,BR,1696304668
572,sinabang,2.4803,96.3801,82.53,72,88,11.45,ID,1696304942
573,howrah,22.5892,88.3103,84.2,84,100,11.5,IN,1696304942
574,urubamba,-13.3047,-72.1158,61.7,79,96,4.9,PE,1696304942
575,rudarpur,26.4394,83.6144,82.04,80,98,8.84,IN,1696304942
576,caleta de carquin,-11.0925,-77.6267,66.31,89,96,11.5,PE,1696304942
577,florida,28.7505,-82.5001,73.9,84,0,4.61,US,1696304654
578,porto torres,40.835,8.3972,57.38,58,1,1.79,IT,1696304943
579,antsiranana,-12.2787,49.2917,74.16,88,20,6.91,MG,1696304943
580,torit,4.4133,32.5678,71.8,86,99,1.5,SS,1696304885
581,camocim,-2.9022,-40.8411,76.86,88,17,11.56,BR,1696304943
